,X,Y,Z
0,0.32194186331616026,0.6620909700713541,-0.676763147834989
1,0.12465607334728993,-0.8087297174516819,1.3121176141938813
2,0.510956955048024,1.0133779904467788,-1.2864041313973646
3,-1.9622715211977746,-1.6249897905483475,-0.363754048704533
4,-2.1024172959036798,-0.8813104050850984,-2.2707504986007025
5,-0.2301164413983453,-0.9649012550425548,-0.21267453547182766
6,-0.6742517175006744,-0.9998173669886005,0.7823738978564068
7,0.4816459130129013,0.6330012052368473,0.130349869701055
8,1.9993667473431207,3.3165025267795167,1.1467168392702085
9,0.18973233776338982,1.2518275432490824,1.3803455728754621
10,0.5885469756377074,0.7883919360700804,0.056182449836427825
11,0.07961292480300312,-0.8577638196421311,0.3978943692306928
12,-0.17023358295089414,0.30728352247021984,-0.46256864312263823
13,-1.0590855401791832,-0.5379461429701196,0.21467974420121988
14,-1.1738716892553953,-1.1095350368578047,0.8822455200223631
15,-2.7324064563944046,-1.7245910630367207,-2.1234037530597236
16,-3.080659873122508,-1.3975210800275732,-4.298723044226514
17,0.0869712706979491,0.8396172894702358,-0.3383605817158997
18,-0.4871058678700315,-1.3994624237020172,-0.07198768161958735
19,0.9108274322578985,-0.11289853017917834,0.16769602745318066
20,1.6369822079807388,1.1139349951127522,0.06369413466252781
21,0.9504154058043017,-1.0325025523564866,1.398223198432872
22,-1.3013422479191554,-0.6913090415134568,-0.10219850802441763
23,-0.6577803798574119,-0.8961283718131594,-0.904727577867763
24,-0.2145008689691435,-1.1539263885448543,1.0097553013692138
25,-0.5943201664625398,-0.6225186759525015,-0.553724896488511
26,-0.7278308330157193,-1.0825784092785389,0.1165537082233089
27,-2.300077155377424,-2.2777065617200742,-2.617840418774101
28,-1.297377817194075,0.14379877066938215,0.10060846985607336
29,-0.15577710397413932,-0.22359075490887242,-0.36329157010548685
30,-0.6403423829102918,0.2301322812240405,1.1980854554476035
31,-1.7039091984418866,-0.7895100603715305,0.16279674996051477
32,0.49408666597191103,-1.9056380360487957,-1.2241408838212569
33,0.42232283538633597,-0.38460476795748005,0.7628754565894423
34,-1.1774852151766193,-1.8056227934911226,-0.7500632405866526
35,0.2318215141208954,-0.22943259979625816,0.7733978533464427
36,-0.11167774063413037,-0.9769742798717045,0.9052663811010436
37,-0.08120515630421844,-0.845814062921872,-0.25584129309121495
38,-1.1652147814343488,-1.7374611750462656,0.6899506090129103
39,0.8406309759726334,-0.47248140210548195,0.16913901971358924
40,0.53861125380082,-0.36074317117152765,0.2762387253738236
41,-0.8704685159831118,-0.6858489275966555,-1.6627331750314596
42,0.13823323930187714,0.17728082383879443,0.08676172879334385
43,-0.4386405060472957,-0.42228436492405147,0.24396786036999313
44,0.17103855302816426,1.2257660198929656,0.9827874629415361
45,0.2508782672932186,2.3198096885160218,0.5940693550950635
46,-0.1863012102324012,1.46104165691014,0.6460576042352745
47,0.024778710347121022,0.03056745943452594,0.026183681548527328
48,1.1946937063177798,-0.07393154863998776,-0.05163483265361106
49,-0.6973547851450569,-0.6695722307480627,0.7583364013616677
50,-0.24081079437888697,-0.3764541732644234,1.9131297132075817
51,0.489626562282503,-0.043546135746709444,0.5088246968798639
52,-1.342896779877618,-0.2759663683234936,-0.17764382361064107
53,0.3538560558078591,-0.4478568790001926,-0.7001301640312185
54,-1.2155095275965324,-0.5131060076582071,-0.1476453504770447
55,0.6615093112048456,1.4916794678984837,-0.927300838356502
56,1.0171428508357172,1.3365359194099882,1.0269139601852355
57,-2.3373938460193475,-1.754270055687811,-0.96237626585475
58,0.0321360446612631,-0.5923937148620064,-0.9789342464605466
59,-0.6979014302323476,-2.054052229437259,-0.0687258193972497
60,1.2733824471284503,-0.31907341145933293,0.6681084977883432
61,-0.947771661821238,0.4432415647369534,-1.8216844131092063
62,0.04796030023508197,0.31235946692032496,-0.4090766201898188
63,-1.87005855058664,-1.1120494671247922,0.3068682077300446
64,0.445898082640721,0.20329134584873748,1.2395191122332885
65,1.3982862033635448,-0.5908090581949565,1.9216198409012868
66,-1.9679138682558668,-2.028278982460223,-0.8891584194001202
67,1.426893968205635,1.6010688722299056,1.4522783384905302
68,0.5519280254769591,0.5963097211164168,-1.6626937351857416
69,-1.7830428888389034,-0.5037290592141149,-1.4894387200710515
70,-0.258643399720309,-0.561857089567939,-0.43418155817686166
71,0.27424750222542965,-1.0806215589549752,-0.28660004591962784
72,0.9053652246873815,1.3530849572010002,0.3558196352664513
73,0.12291612628571857,-1.439316905782943,0.35199012748994873
74,0.5230857676725458,0.046023620182256184,-0.6308342695290929
75,0.18683447409435278,-1.5916419689328312,1.5766002379061876
76,0.5476895672568524,-0.24865534676999393,0.8294101147115468
77,-1.22338047061651,-1.045034752619508,0.5569085753674682
78,-0.25697217877178,1.7140066791460025,-0.8656858939880696
79,0.7566003347235162,0.3855372607962044,0.11180531552858572
80,-0.12734530652632242,0.6166343993198078,-0.03061678600568168
81,0.1531578770831943,-0.7401791106593539,0.07845687137573759
82,-1.893590580624231,-0.9021545783638305,-1.3209495144130308
83,0.6975428920451083,0.42608112984516444,-0.5335136978958628
84,0.3790653115478928,0.936352987243409,0.8912399629156139
85,1.1103372446407933,1.0781834998481956,1.768986650271516
86,1.178287908440765,1.298752500699012,-0.850674976072419
87,-1.947928997317039,0.12035225781533813,-0.6490668476043553
88,0.7324590833391288,2.2122767933525975,-1.1321690396486876
89,1.4032399273079006,1.1514057987909185,0.8623756881960156
90,1.1132077286800748,1.2180151207642913,0.6437954532639567
91,0.5903098747955631,-0.04182651446533846,0.6221514406122464
92,0.6993238201715879,-0.11572736351250563,0.6855589275707566
93,0.8732037458282784,1.1299709961715552,0.701453359143498
94,1.982314493379518,2.6180226240633857,0.5886609754895263
95,0.6059592022174269,-1.2009761557799519,-0.2326300367591047
96,0.2981512091712779,-0.3511954785702286,-0.20695215651494495
97,-1.1201834906987382,-2.3859777163412836,-0.8911608963891569
98,0.2553182672537002,-0.22763840144626676,1.390385890227337
99,-1.5047976081544312,-2.756679966322168,-1.2234542989823214
100,-2.8143378788108877,-2.758844033423275,-1.2259721333940874
101,-0.0938150526607774,-0.5395862671790422,-0.05868946397395712
102,-0.09217154211168799,0.1310827410110226,-1.569179835946746
103,-0.05089974512949186,0.5021604500999807,-1.0118407237361402
104,-2.5540600627880115,-1.367758157244833,-3.4908268069434985
105,1.7546194829573507,0.5406742702424204,1.485095824039047
106,-2.27707632135255,-2.091998641624648,-1.3964623370106968
107,0.1042418220843584,-1.9133686014736846,0.02506046371774613
108,0.9481120168214041,1.5580017045390204,0.2424518553643555
109,0.42035054331689375,-0.37224882172729296,0.7153659036029952
110,-0.7356541486042942,-0.37911494434676013,-1.8499269834983874
111,-1.500646241163653,-0.7093780182208048,-1.7141722324209454
112,1.2724736153484515,1.715427163540425,0.071746631227281
113,-1.9729071523071608,-2.056225784307527,-0.16740449746271954
114,0.28664599367245336,-0.33629972337386,-0.20630685720450168
115,0.6043796115252403,0.2645788807170805,0.45667717218824094
116,0.05648615209153535,1.1957958351722278,-1.6160586534239265
117,-0.38443639149961906,-0.8197563725923485,-0.9507330721560938
118,0.6523894037237912,0.9102494331987637,1.9530763310238366
119,-2.354844298562753,-0.994011968611479,-0.9900651622167115
120,1.0095415954354154,1.4182500164227347,1.1718704852325856
121,0.5124298215000637,0.2630889109903875,0.2654258067876291
122,0.2538047023673779,-0.21117027791160203,-1.3286908952504848
123,-1.2075316210260978,-0.9135578109277355,0.2928641985667747
124,0.11417002682131056,1.498974248543686,-1.9754568431573711
125,0.8806727158079596,-0.9655453301464839,1.427110728442587
126,-0.9824250749171369,-2.3664639692690006,1.8720932343645824
127,1.6591303747973916,1.435031802177137,-0.40114289896883837
128,1.0123389732133505,-0.04142466653957702,-0.4783715706103896
129,0.7377297674498573,-0.32660289940906984,1.0356955856234151
130,-0.3034305568695376,-0.8913065316126993,-0.3692602537106204
131,1.7282041565495752,0.47067235214336445,0.42351054274325467
132,-0.8024460604477954,-1.079943459558658,-0.8253869633960916
133,-1.6476971574413306,-1.4797265535160486,-0.041184090818349554
134,0.6011678892357647,1.2056694193505015,0.20025468624522325
135,0.5115932733134064,-0.624309537971233,-0.6320276980890746
136,-0.45490163618969154,0.7774803078573246,-1.2396573672610796
137,-0.3756309049090833,0.8787253894501387,-1.1367548555635347
138,-0.34303377910007704,-0.7939448422537153,-0.4607717871811096
139,0.22434191928882527,1.301035691453523,0.12541711164109226
140,0.38368043122073314,1.6885888210042803,-1.0769789287977154
141,0.06380857154284032,0.8663350938699174,0.9797427376890572
142,0.67674797896253,1.4982138598040564,0.2677417844814146
143,-0.0515192135975291,0.833084397219041,0.9673265831296192
144,-0.5698281166591127,0.4368437259730571,1.419898270310555
145,-0.675138469052567,0.8512547295601743,-1.6026790585996684
146,0.12382857245947841,-0.14173775612853265,-0.07988053099806171
147,0.9113000689062344,0.4975782462714487,-0.3541119156455578
148,1.8609139562459462,1.5954710332637847,0.7646367748130144
149,1.0447417978721278,2.0519189153730713,1.1325771576465977
150,-0.45695744729081733,-0.5030420942110867,-0.5635420710333057
151,0.4039098408648093,0.24220290580997395,1.1395235969874633
152,-0.5200289663815445,0.7451578589810003,-0.8399939327365188
153,1.0573547583452323,2.3684491021240457,0.2197974283878716
154,0.36551835063853766,1.4447152535311574,-1.900204768469449
155,0.41850824930331737,0.17761808432046727,1.0949280751224377
156,-0.6893514789957506,-0.18066548075379585,-1.8541180877444703
157,0.3435678343294429,0.11095288666333644,0.1911439837343568
158,-0.9572663117553823,0.08568277090835241,-2.039824605017809
159,1.0396511306163534,0.41943301309380226,-0.01440145790331064
160,0.33941287082418536,0.8738409684858801,-0.7277708693103861
161,-0.22846717575600808,0.49834494986007927,-0.8850406920373204
162,1.0818795131506405,-0.15179722888876704,0.36778521926446284
163,3.331925649902844,3.8021848443967445,2.068247512106821
164,0.07919011352226499,1.8289250882911037,-1.1394376290177477
165,0.17052541812717792,0.025861847955480192,-0.7275174463721625
166,-2.0154805269977354,-2.2393569069207815,-0.052798965896435686
167,-0.3361648780096827,-1.215048476596841,-0.05378759805260841
168,-1.8353461499661035,0.4904635588326135,-1.0171338405260448
169,-0.4223951619341399,-1.0777889673650878,1.4752207592625608
170,0.22536192187002926,-1.1968591467725127,1.8928573065387808
171,-0.15109910447515978,1.0344414066144088,0.06043447021112881
172,-1.2016081159936793,-0.5534902158572209,-0.8963007376701804
173,-1.6312202068441692,-0.15846123563239586,-0.8354165618626517
174,0.6298981375033884,-1.434263193887694,0.5602246369247454
175,-0.37429259940910303,0.9222269889092888,-1.0505659014276727
176,2.2236331933941798,3.146443631914357,1.6847313885855753
177,-1.909204879180388,-2.262183756033236,-1.929529595063844
178,-1.4071362267728877,-2.269418768148996,-0.8376662551022641
179,-0.5565682814403192,-0.33303016383527356,-0.13604247115435722
180,0.42121658121735517,-0.7918919582154837,-0.5881023801432524
181,-3.089385344870484,-2.059499883579911,-0.12150508039395994
182,-1.1821352686684863,-0.3645753280633399,-1.4382699324357777
183,-0.22024154545366056,-0.20085636099489443,0.7647649710758496
184,1.319849049893735,3.66480588039003,1.3238098281710913
185,0.5552466060409197,0.3021108154320503,1.1429691833716695
186,1.1055699981403362,0.5802043444282775,0.22568797783068556
187,-0.922363150646625,-1.6989222979489664,-0.16960838390295413
188,-0.4857177193611049,-1.3734036399590825,-1.8275543786650659
189,1.2625273869246603,-0.34749756987004954,1.1875000757207608
190,0.30845928065484574,-0.249158378573461,0.06129964132432499
191,0.2880779132065785,0.7157534106869258,2.2731516515848944
192,0.8474669182134515,0.7192007864462447,0.5499491549066037
193,-0.7776677131632502,-0.033795193275523897,-1.1160845572683522
194,-2.1730832320313813,-0.985939682131242,-0.5076792075155547
195,-0.6830787208320669,-0.49803477335886415,-1.3787767685088774
196,0.7645970223843125,-0.08583122762782498,0.12526605459380596
197,-0.44838188687372044,1.03279570005695,1.2409873170517014
198,0.013037457723775299,0.3357007019084515,1.7775226310097405
199,-1.3087869901949223,-0.07202733924692409,-1.009815606699778
200,-1.1007658245905039,-1.3430219732814686,-1.2299871517551342
201,-2.2674731640613492,-1.719288777516972,-2.6850962427533953
202,-0.9081114139292068,0.15434979627114112,0.826025765934217
203,0.5940650727227774,1.2554459048984068,0.10334207736459051
204,0.5089040992984135,0.8579223185489818,0.3423038807993819
205,0.8406792101033569,0.7898407163072072,-0.21395776813226935
206,0.494527924733728,1.0121529985862054,1.027591691692631
207,-0.9017320931491113,-0.4301123675911046,-0.42191605627373785
208,-1.2181036280953588,-1.5811674342121738,0.7727475000781935
209,-1.153135276167484,-1.799684093345794,-1.1151944764375348
210,1.8627320360800799,1.4706079028597008,1.5794632209231034
211,0.028583334382360694,1.514281159488488,-0.5478291182262286
212,1.7293171122331408,0.24518884169270277,0.6891657766973189
213,-0.00032758765335949786,-0.003781116947249039,-0.19555975831288483
214,0.343074029267312,0.9353569411513856,-1.707361519529874
215,-1.1076836197904303,-0.4520175042010325,0.0811020561962561
216,1.8241406954938777,0.42307228660769347,2.072868079154156
217,-1.9507368861458243,-0.03910682172929505,-2.316767201523472
218,-1.5094528222511743,-0.7510575040080972,1.279507148263979
219,1.3979213185478403,0.14407013034489796,0.08759545387369443
220,0.1941693464721725,-0.25777856972617025,-0.4498583710080367
221,1.155991368761813,2.0132317517066567,-0.6140917435604089
222,0.0610984673116619,1.2504727331960312,-0.38105840031863647
223,-0.18035919938968864,0.8479731566597614,-0.4653584993439876
224,-0.3128878454030411,-0.890209037344036,-1.0788086259200511
225,0.9791211590535791,1.6125782723274291,0.7724052660976986
226,0.21247932109013024,1.1500782401955185,1.3458121437515842
227,0.6661242185210039,-0.5488455504497997,-0.41550224326174046
228,1.7708228147981375,2.3769455266089756,-0.015889287993246914
229,-1.8017708708745848,-1.2857470466604473,-1.0647714464924638
230,0.07018710179053293,-0.7805530974795865,0.8622247566573167
231,-0.15436281183464856,1.2218331068171486,-0.311152918746435
232,0.7253051612329797,0.6747314718932367,0.5422233991588535
233,2.2110387419371658,1.922159553693105,-0.30379893840846384
234,1.4584731799756874,0.19896066156551584,1.2684793281536164
235,-0.31988581831493923,-0.24765122207900891,-0.16883705380226238
236,0.5942339540550817,0.7505557523596522,-0.8312027047465633
237,0.33996550948670806,-0.27762762065107605,1.9781848690156425
238,-1.360969915117891,-1.9794828589643583,-0.8363666435741728
239,-0.7554612707838253,0.31456434245557224,-2.802242259895174
240,1.2386675530393678,-1.0407369705342149,1.1543275382561127
241,0.14978616453496568,1.2720189247715188,-0.11961231474873615
242,-1.473742772098084,-0.3995622594067338,-1.2776755997869707
243,-0.23175773393148,-0.4974187540811668,-1.9008042008482753
244,1.523459404408718,1.1789939050436642,1.4389274917383679
245,-0.5699786609209051,-0.36562531138781795,-1.6242821162292622
246,1.059044182148125,0.8200086569964733,0.4325433106050235
247,0.7109238243195244,0.8466530916622584,0.8321136780509731
248,-0.1008939431405498,-0.2532677349899089,0.661818308430135
249,0.5350066271411457,0.5526347973810644,-0.2607858733309964
250,0.27881786812152864,-0.06595775554740448,-0.5666121662058567
251,-1.1527573880444841,-2.2033404580394382,0.6253767747040071
252,1.618466530704676,0.7832180825106033,0.3743188582857875
253,0.2104513217348008,0.17028405381019432,-0.5076122269640837
254,1.3072694455267457,0.597173811554899,-1.1226565983618058
255,-1.9293343803683451,-0.8668837953003276,0.012565023585207384
256,1.2478407173066415,2.3085573057564113,-0.3085212709460398
257,0.8234754992298171,-0.8138924705098941,0.38897002812194237
258,0.19436449828959998,-0.9128203411896981,0.8544380949549445
259,-0.397404604610843,1.15197112839972,-1.345919425540797
260,-0.6555690166665089,-1.518554098028714,0.47469698007771793
261,0.3129357395105512,-1.4461531008530462,-0.24498528828863814
262,0.4807824535198456,-0.03296806538261595,0.826078833936982
263,-1.3906047193357312,-1.1833361122643504,-0.23082556666940246
264,1.3524559555535074,0.23041947555127784,0.8879597382418902
265,-1.5997453341224497,-2.25131767681482,-2.5606141351531284
266,0.037189110308280836,-0.34155543842943925,-0.7395184834110468
267,-1.1845376959992933,-0.8555996514077964,0.22026509694501029
268,-1.2662798255879644,-3.1647052004768095,-0.8316020336491639
269,-0.9969874537798873,-1.3773403241696889,0.15189754714768838
270,-0.20096947961984346,1.4790362826477403,-0.11028804895931796
271,-0.6971302374422095,0.6100323218420676,-1.330624545450463
272,0.885763692319236,0.9867951237784166,1.202444110975968
273,-0.2958174198010134,0.7160346272713471,0.13570261990418483
274,0.2291502817466708,-0.12254715296326986,-0.4304263113018582
275,-0.9605880023090673,0.9358151952655536,-2.1131732421088834
276,0.42406545632640813,1.3837820326690269,-0.08854653867268272
277,-0.09354804989193657,0.5068829875020268,0.31338343198017354
278,-0.7865177483270814,-1.0720238327758402,-1.1801936565574997
279,0.12231765014220423,1.6668668077308502,0.22274760906287353
280,0.3444648954181422,1.880482456207707,-1.1859250112602893
281,0.2885116199690098,0.27941534582376143,-0.5082598953135212
282,-0.04315093334409824,0.6557049637474515,-0.590251867201643
283,0.07543872629892787,0.700529993330156,0.9654146122121307
284,-1.0837771418116542,-1.4866264270765466,-1.0132551163016237
285,-2.4647782018401077,-1.596328548321858,-2.11909967026767
286,-0.9647289250326133,-0.5597342347191611,-0.9107903809595695
287,-0.7929444266105388,-0.02464341111702252,0.43023617622220783
288,0.5392099969023422,-0.3023335053042813,0.503553982873485
289,-1.0229289377516864,0.3780179995022421,0.06656292179572638
290,0.1446967962495756,0.25051196055850444,0.8771616550444734
291,-1.486953833934302,-1.161106973676921,-0.5286995505930405
292,-1.8605294048873946,-1.120101576778676,-1.597161977585456
293,-0.4763197199092038,-0.9159109637311742,0.9781082100911972
294,-1.244333198171539,-1.5750871142837815,-0.4284907378254498
295,0.391872931660524,0.09828976672537955,0.7460118440518613
296,1.4026618894224636,0.3295971359931601,-0.18243632799158527
297,-0.5234510204263647,1.507175759211793,-1.2101203523894521
298,-1.3393932581956902,-1.315302140410527,-0.3579014264508036
299,-1.634064199303555,-0.9448307790159928,-0.6166539178081221
300,-1.4660121735023248,-0.07393308057657325,-0.234063813927261
301,-1.013198235706983,-2.043266413195593,-1.5841613325042285
302,-0.4267539859801137,-1.6864162906706703,0.5128048892092792
303,-0.9344646966169664,-1.3563135237410187,-1.0555580045213937
304,0.5577934567517022,-1.86669503178348,1.5537644773342631
305,0.5930946817771479,-0.27032661888549425,0.44843876197774996
306,1.0596190011550741,0.5577441450347612,-1.1808639927363676
307,1.2864943507179993,0.9719941651731873,1.0641551164183902
308,0.7557163288305896,2.8909520694362683,-0.03422651169110298
309,0.7324081480535732,1.3405948666413285,1.4747006581558582
310,0.6499587019419087,2.048679520133517,-0.18847848618694382
311,0.2635514217176258,1.0750970047907906,0.47326397157547645
312,0.13554386221515755,-1.882758145708252,-0.4400644025794611
313,1.1318358738887224,0.36197001902341136,1.309392411174696
314,-0.6349948155160184,0.33351919094904564,-0.7547014000200218
315,-0.3778398080994717,1.0397034286801057,-0.44864259411035373
316,-0.44790275104260313,0.17976460388376966,0.05316403350660396
317,2.012797339829668,3.631810191116443,-0.07277053296058929
318,1.913029358539949,0.9729888822131667,2.5490446235438156
319,0.10950676261957855,0.816782155131292,-0.7450233609136235
320,-0.4685517622413997,0.1842473941348107,-0.20240136815091972
321,0.5490347062442426,0.11341786386085279,-0.35724117517869036
322,-0.012608525702377107,-0.345342941480554,-0.17191006160050512
323,0.6373613374616706,0.41580086587873927,1.027790919656125
324,1.8259462475305903,2.0965637753842947,2.5183173496245024
325,-0.19958349553119092,0.21840249572647774,0.10223792089753071
326,0.13408365637225086,-0.7043130976771456,-0.5641358872138196
327,-1.9210677716121365,-2.2098965441840566,0.003408336636491824
328,-0.9806141879287292,0.9804684374180577,-1.4412681279564163
329,0.5356138269788477,0.42364781513043376,1.6201262380909736
330,-1.1440862584210765,-0.8115804574826885,0.11476729040845367
331,-0.3868448859262572,-1.5652647112998628,-2.9487180254292196
332,0.6135481580190368,-0.23271481426481996,0.20607716997967332
333,-0.0038844158120508263,1.2031121633153148,0.539955445314205
334,0.07235293884253176,1.2065670709095548,0.36654281922141896
335,-0.7350451650411605,0.30318578444298383,-1.35157501788217
336,0.991240469657026,0.000856863899796986,0.7431770722848616
337,1.3794886067617547,1.9085197978278365,-0.5997859052489672
338,0.721399305776021,-0.1607430433410798,0.39388485239464005
339,0.6170588669364299,0.7168837496726935,-0.2699832146149102
340,0.26556771716119776,-0.911367113986781,0.6685065583299876
341,-0.10624879532194191,-0.43550751784586533,-0.756372419444684
342,-1.2258151803760073,-0.07620919255754628,-1.633057008463178
343,0.7857744364936524,0.4286367244595064,-0.4693208832985847
344,-0.5426155070502409,-0.6229915805244017,-1.294248119466565
345,0.21860262769262745,0.07378165498831851,1.0530919562930752
346,0.37693836245710144,-1.1968463104971292,0.9311110887136782
347,-0.43954017183575556,-1.670511432819433,-0.49331431264654013
348,0.6438907921090765,-0.20096878237378893,-0.12486954843275977
349,-0.4596602545818586,-0.37084549901801267,-0.6061348795700222
350,-1.2742676372605002,-1.3733186591326298,-0.29670774906422404
351,-1.2597905744781153,-1.3723128831327989,-0.7873753807222196
352,-0.6195409495724158,-1.0123668169010698,-0.11809058070554952
353,-0.20352551987869752,-2.9420356731829496,-1.834178665005895
354,0.01729047877716842,0.13386623039234533,0.744719967245071
355,-0.3960575462583083,-0.5476610089618581,0.8543165678391162
356,-1.4037465376671228,-1.9904076312546053,-0.8888718110890031
357,-2.038398718866099,-2.020312873385443,-0.18415018059675656
358,1.1689912264807245,0.9526592421760813,1.2025680577682019
359,-0.05656343065266446,2.0023776904982498,0.9364021140604515
360,-0.7084990653476655,-0.48850068371863364,-0.5347316994562967
361,2.0184134012883925,1.467056783448943,0.6166564417125712
362,-0.848388427592367,-1.3832827548361684,-0.6454722537484991
363,3.310221940147074,3.1002315434760885,3.338039766510806
364,-1.5536161483836413,-1.3249700654852745,-0.8437927749645144
365,0.6292028634614163,-0.2941517772584872,0.8820965496616527
366,0.8014818824179814,0.14283761681807564,-0.5685508702218539
367,-0.28351103238776,-1.154781340671868,-0.9132567936392486
368,-0.4430305314838319,0.4379764939056266,-1.051842225031508
369,0.38336695062983706,0.6301385309855436,-0.563806685161041
370,-1.8039133787322257,-1.5652835228612152,-2.1873409562695416
371,0.2777607158073133,-0.8919832008977113,0.6269123611602343
372,-0.8572683925770277,-0.9897262861406774,-0.6602933684051108
373,-1.9932635728642594,-0.8202014010679639,-1.3540430523436071
374,-0.8828759396238618,-0.28180056006886317,0.34727299059546396
375,-0.5842458412824715,-0.45473279271268097,-1.0832685854470727
376,-1.4239520653509061,-1.593062425602503,-1.315184876755519
377,-0.9740973719946674,-0.5311697387469521,1.7653727712023486
378,-0.8068343733247162,-0.4500538576371126,-1.2115521683384725
379,-0.6854607118732805,0.12800467824578082,-1.917960049858995
380,-0.8163214859092256,-0.6684101280841208,0.48308023494910135
381,0.09885129485988152,0.28272485730037766,0.04091352452211182
382,0.39607391996573393,0.09184117669849273,-0.8680159018504336
383,0.5119562590095607,0.13060750809517768,0.6599553917929326
384,0.4425571258224876,0.8249819099747058,-0.22716786536931483
385,1.0383323207186173,2.6115204884374696,1.984971264308351
386,-0.4113039877436542,-1.302652770022521,-0.12034941812775643
387,-0.4577959170016021,0.047395194358551565,-0.9346516333308347
388,0.02037577620344129,-0.13349996846767997,-0.6387814657110363
389,0.5766456064811152,0.8192991121535061,0.24476818861266625
390,-0.012088896211149081,-0.008373214461991137,-0.8551195228655892
391,1.2092905273659362,1.5769148631543195,1.6215116695428933
392,0.40171131662975457,0.040532482479897464,-0.9891321498623822
393,-0.09204478631599737,1.4029680681564705,-0.12943050436701914
394,-1.4425575987690291,-1.8404959488060302,0.09926734506474866
395,0.8558676543569571,-1.4201702105482,0.8585976660246352
396,0.3264469519558542,0.6207628756993514,0.2419430474523225
397,-1.2949436829255867,-2.382718099742172,-1.7707065381045426
398,-0.19026284121123607,-1.3423640104434573,-0.9859018528260408
399,1.3763304780681207,0.7875742052836068,-0.27202082719352216
400,-1.9458692504561825,-2.205251822912609,-1.9523764312971368
401,-0.6439498280682907,-0.7373132998559934,0.39333477478977347
402,-0.026001294780986128,-1.0702716569784292,-1.1784170294312315
403,-0.574813125903618,0.1824578519462754,-1.0220350463421861
404,0.19667935556745622,1.0109554690899014,-0.4100263504097911
405,-1.2148768880394543,-1.3847781211911987,-0.4348016352356541
406,0.13118495697359292,0.43539469169570605,-0.1756200895494878
407,1.940000301138064,2.2294384581940125,1.0181408180151383
408,-0.017261958612944966,2.10079234967365,0.13150434013673384
409,-0.6477267856225968,-0.6458277520213406,-1.046661420379031
410,0.2972490358385126,-1.3640303702805707,-1.0549744726349917
411,0.35119484888408875,0.4807828325317031,0.04632832088803008
412,-0.18841587969129447,-1.744540689972205,-0.13094163246489585
413,-0.5250866238322673,-1.4485911839709862,-0.35605515795350845
414,-1.667830611360991,-1.72641360721769,-1.8656213851234487
415,-0.21019933175550806,-1.0912132909107441,-0.8955376093861704
416,-0.4608995565975205,-1.617429637020747,-0.17182171332987314
417,-0.2850711015485281,-1.3455278818576035,-0.2770401322598874
418,-2.171005017855531,-0.23349539386761564,-0.2833522698407425
419,1.071770334110039,1.969420391536451,0.9798913683663952
420,-0.9809218452353516,-0.015179803130561715,-1.5812358262978887
421,-0.22528734432399392,1.684153791217405,-1.1420793808244316
422,-0.20705996510309502,0.6242891613934822,-0.3106106095228047
423,-0.10329146172784179,0.5182980522344361,0.2858171692457381
424,-0.3598764418631449,-0.5279071917228508,-0.952044377816762
425,-0.5171928632211825,-1.4968104556048627,-1.038754356324919
426,1.1843649746556588,-1.2663069909253855,1.1599943919836766
427,-0.07762480988688089,-2.8419266282676716,1.1902231266722705
428,-0.8036652195003423,-2.281108963115399,-0.94679141833925
429,1.0650685660061703,0.4188693083487042,0.9296250600782143
430,0.9152265112421479,1.270947839157382,0.10774220978410373
431,0.4121941310279468,0.6980910692483153,1.7599875360549593
432,0.6075121456365109,0.947523836835494,1.1132129708128402
433,-0.3589663964823006,-0.15533569447696552,0.026475444658895675
434,-0.13600372166366365,-0.155236092372373,0.8594533860921865
435,0.2556358938726933,1.7825588485941768,-0.4153507973244021
436,-0.6039855620605741,-0.7747740581691243,-0.677044928392544
437,1.9480202582327857,1.8380119926420384,-1.5604014091876102
438,-1.0978435625935805,-2.611128938253867,-0.10170739512594053
439,0.9959037307396122,-0.47898168469431557,0.7722149534923309
440,1.0654996783269508,-0.8772509696960434,2.4641783979335337
441,0.19856983355828747,1.016174219501905,1.1977559110804548
442,-0.30781686655093643,0.44235372348228785,-0.9868356256586551
443,-0.074478706767448,-0.8988403147924912,-0.4104767046746666
444,-0.09863387910196363,-0.5182029364471071,-0.0487119978208387
445,1.7459310079184847,1.1507543524717316,0.8694676720619712
446,1.218547549957204,0.6657115251456075,0.11781258143166162
447,0.5154838691806481,0.5617692863326711,0.9997626560464375
448,0.35276884697116956,1.54323908112923,-0.3527712415439387
449,-0.1875582577542107,-0.33616357980665024,-0.41579843419752666
450,-1.542511746314516,-1.3239845746480785,-0.15957365475659052
451,0.2802040322557287,2.1892434639813323,0.9521903018337295
452,-1.4699683344306664,-1.1538841735082745,-0.5834081673876159
453,0.6388349886481655,-0.03200782338115763,-0.16565538825543
454,-0.01997001493835931,-1.4285204744165705,-0.5798484453956017
455,0.1411838760898065,-0.31013911600488797,0.18564460449375988
456,-0.058284923089445766,-0.9200578958156777,0.8876443100084592
457,-0.2930167834113194,0.41758093906552113,0.8441045539956645
458,1.954044127315574,-0.3228574723418514,1.2176435076423995
459,-1.6928714196344434,-1.2520556114184322,-0.4462687430872924
460,-0.09009735896837251,1.0785279132071741,-1.2975117101287605
461,-0.15752129176976964,-0.5642589815505122,0.252155669748268
462,0.1599837788410861,0.1797200719019674,-0.42955812182479036
463,0.9253055885517254,1.2845669566142754,-0.3987226324284597
464,-1.1574529708377144,-1.215828210075055,-0.5747191594998233
465,0.2755858344367925,-0.25652166542836286,-1.3787246887313522
466,1.0660287793815122,0.8812079790703173,0.6147568088401058
467,-0.20424817538753026,-0.39213485749214616,-1.679558596351584
468,1.3248810914827518,-0.02663086701640937,-0.7375227861537806
469,-0.5387710710665156,0.36578150074846416,-0.271065936185291
470,-0.038869461099993945,-0.6470084708974865,0.5346279911919937
471,0.045306347401103904,0.09206203663067093,1.1108393784462933
472,0.8303477704460093,0.35442751743970213,-0.5397895910243864
473,0.9373746265839662,1.227708571406218,-0.16255535534596446
474,0.1883705141928831,0.16639190065917178,-0.04858724791956442
475,-0.10932351222632902,1.015401503757526,-0.19631526475040534
476,0.6747469875082648,0.058476258436187624,1.5153116873129915
477,-0.7102038959899489,-2.5499627066119634,-1.2724353180625874
478,0.7657608821100184,0.04015273630874695,0.33457772289521087
479,2.0770005706513763,0.7643328276707788,-0.41503172669771926
480,0.9958297483993219,1.0576979590755207,0.6376738546382922
481,0.40377562042035636,-0.3362667633834114,1.4384304520778226
482,0.5170907616753216,1.830284183152887,1.2688799688968404
483,-0.8106098314579379,-1.6796261732193958,-1.5634503463382399
484,1.2962847754124982,0.1630260638145697,-0.11465284694624549
485,-1.5891615090622846,-0.9942096141031596,-0.977071173439201
486,0.6172437965327551,-1.1713169499812501,-1.1434952932960196
487,-0.2468143970314898,-1.425083778610168,-0.06964576408001447
488,-1.0192592577527342,-1.2374750132892034,0.13498493810107345
489,-0.716148556985231,-1.0921919689242034,-0.8397868582255648
490,0.7439182595251258,1.523782313614891,1.5556147658090924
491,1.1359745277001192,-0.08465294689754652,-0.1639673599411846
492,2.607889222704005,1.5624477130585475,2.2569849135784326
493,0.408296897151105,1.4329112651209115,-0.65919243493864
494,-0.761118787376259,0.20762699717280902,-1.3913084425739093
495,1.4020810398899637,0.9500628417221659,1.286045948363923
496,-0.17051388897901038,-0.11917306035409121,0.7591160349580169
497,-0.29532476569913524,-0.10685719853388148,-1.08226552202589
498,-0.02044900816845612,-0.490023223634129,-0.10351206493746493
499,-0.895996745497486,-1.6325798235380977,-0.10278019371000956
500,1.1980799679642813,1.8144425489110372,1.324501232475298
501,0.15477276381911068,-1.291702713013267,-0.9721479202191575
502,1.2873030457472943,-0.25143533638332455,-0.45584274865541125
503,1.1321085877450834,1.6088840016806545,-0.2916459905254677
504,0.494211005602069,1.2199942405504882,0.0923308317270259
505,-0.07010150157547243,0.11506699665086054,-0.3660108623249234
506,1.2269485180364854,1.6055150349569363,0.5518098193081824
507,0.11934090694375961,-0.28883913694034774,-0.9004288503056942
508,0.41438311832454433,0.9359700474467467,0.5812880028268194
509,0.07348741014456425,1.107016196385706,-0.4031067069348786
510,0.1818926136743802,-0.3460317943241833,0.5835377772617477
511,0.6716286473457036,1.172498712488368,0.8577172386697973
512,-1.4992477669954143,-0.43396053121185696,-0.24972987286704776
513,0.2063425862382245,-0.23277134710152456,0.17288830207742756
514,-0.7003759622005878,-0.1917940384096003,0.04662889994081744
515,1.4976867281906656,1.5160796166979897,1.0707146082376318
516,2.030468474275382,0.9168320659344591,2.1295091831048447
517,-0.057727231439375436,-0.5902522989122542,-0.4730001603287182
518,-0.34231569805709916,-0.030978440845378565,-0.2894852050585798
519,1.2903780832613043,-0.5606952203448767,0.8504913994085921
520,-0.28004557873151803,-1.2505866631530553,-2.1224772679683563
521,-1.0980964650198977,-1.8205635898072092,-1.5778065795704685
522,0.8263628794727168,0.5451859202495577,0.5306931039446096
523,0.748857824478706,1.2208113570737162,-0.8486055870890086
524,1.227722131076234,0.07431428894894382,0.06169102983225061
525,0.7153535386138667,1.375351301119171,0.09309046064647075
526,1.1150341478594383,-0.22861192225954763,-0.5563088805307966
527,1.1987172634600816,0.5655953181113208,-0.17681155852677113
528,0.9944711376867346,0.15436945701849528,1.043735110643531
529,0.18768549545609606,-0.10811328103849954,0.14221776961065363
530,-0.7132618794903426,-0.15471167196779342,0.5317748494090525
531,1.1403519604556271,0.7807058866783191,1.9691694022975403
532,0.9226770417485844,-0.25942942566077704,0.5143441188337325
533,-0.14336196422774397,-1.489452949968998,0.952080371308012
534,0.3735754439162617,0.32074852019606476,1.7911858689617979
535,-0.793856321601354,-0.9855054338201701,0.7962924968788854
536,0.40692796517790003,1.0313171916186976,2.002913276367659
537,-0.45557487723018636,-0.5666514109374715,-2.460472448775202
538,-0.5790545880839614,-0.2021712740918269,-0.8392350006288947
539,0.2785110800401691,0.3086292071783792,-0.6129984663302677
540,0.18191863329175073,0.9420814705710312,0.25998894803044476
541,0.7135759060276019,0.40956674297870105,0.8646366928515097
542,0.1921162914986662,0.37531604754730774,0.6473206304427864
543,-0.027912207993781572,0.04614882986284247,0.05669700683903448
544,-0.04793571669570792,2.753867474238901,0.2926679348285638
545,-1.5133397635022945,-1.7071068438080534,-1.2682280742949117
546,-0.47498556118347024,-1.4599432322139245,-0.9748521120025483
547,-1.6151952004553976,-0.8935984520526272,-1.9972039012412317
548,-1.0886208796951837,-0.3531176776253719,-1.5646299225759808
549,0.4983799920400714,0.26462407453694914,-0.29138454911658473
550,-0.434793958330126,-1.0908598768279292,-0.05923892945035985
551,-0.158260743979567,-0.5254781487055228,0.08325907421075085
552,0.06741026208820809,-0.5473909128644349,0.9559207686052413
553,0.6056033132356075,1.6757396375775993,0.3234948527352389
554,-0.24532705658278534,-1.7411379242818703,-0.6279305810559578
555,0.24165394256612627,0.5346847014736812,-0.6437787499397235
556,-0.8873937472867057,-2.38384530287355,0.18312834681684223
557,0.36568798776287265,-0.6184210649152202,0.3364904420142725
558,2.122465268883365,2.167571228460968,-0.6127738955615322
559,-1.2652448586904674,-1.3520029864838325,-1.3824958080607994
560,0.0802938056646423,0.33545003929730516,-2.4627536637522702
561,0.6891365578757409,0.8205777244907226,0.6417999154134455
562,0.9144594092795747,0.07522424186557734,-0.7033971450950396
563,0.7961046506131269,2.305562255076633,0.13339554345947124
564,-0.5268166144570888,1.020353861708314,0.4218924824174236
565,0.6874870593805789,1.0047472084988958,0.2733132380689351
566,0.8420997416220427,0.04746326539101723,-0.15128571170179841
567,-1.1634711491396301,0.643122750807138,-0.38540335188045655
568,0.3619390402705076,0.4715766285567415,0.19009617850622368
569,-0.5272834896959903,1.3592269677826343,-0.4921108061703795
570,-0.6507497800477834,-0.209571526340424,-0.3826994793821228
571,0.38446322788325743,0.6530281972728275,0.6389657813747969
572,-2.8326666020605384,-1.0050148833525627,-0.7824804504295034
573,1.1334331853305675,0.9445275894876793,-0.00850416435492787
574,-0.7366418169632446,-0.592711246166689,-0.8938686554911544
575,0.1055536406172458,0.8158992240361617,-1.0003156355550145
576,-0.8690264427643474,-1.5596187793895318,-0.7731186737515953
577,-0.23154031325204272,-0.443418593685274,-0.1217197073483603
578,-0.11633427632752594,1.275806076129091,-0.030246905902770804
579,-0.8279899489571013,-0.7107094928636115,-0.0803173896365188
580,-0.3617597501174909,-1.3777881761584951,1.0650884580382958
581,-1.469830411247653,-0.9698449416034233,-0.7775253874697516
582,1.0728907001482402,0.9583786576408023,1.5938782613579439
583,1.306103130048443,2.6659874251646363,-0.07579432970011744
584,-0.9665747376486766,-1.5124735900943802,-0.13956775110619996
585,0.43809657217932463,0.9200954647811488,0.6549349619763924
586,-0.5526988733963665,-0.9731166751280248,-1.1639194514978404
587,-0.6068957845541527,-0.6038401479703595,-0.3639670380531171
588,0.9315152814950367,-0.20720405916745593,0.9827333218693441
589,-0.3503590916302104,0.8024647761862554,-0.6244568210898713
590,0.2724399719039637,0.00678288744358588,-1.406501317436551
591,-0.9275173860119015,0.45180516892436917,0.6049048113935044
592,-1.219452849835327,-0.9848579874195721,-0.9909535921981477
593,-1.5479802511046075,-1.4123488948485552,-0.1533394474818949
594,0.5128312016179524,0.5080827172470559,0.16930814877014758
595,0.6253099811239555,0.45537795584359236,-0.8038585474580419
596,-1.5170745356774928,-1.18846343877894,-0.7908384966455756
597,0.10077009042640375,0.08009547801778459,-0.15585842964447247
598,0.29730759651064803,-0.7531935974806092,1.769011019780593
599,-0.5711653937995663,0.467168780543622,-0.24432905744544722
600,1.0034703170817514,-0.889081539756709,1.9488013769381265
601,1.0566994098290168,0.6990792000217342,0.3510165495703057
602,-0.6593634583684631,-0.462129312926615,-0.026639670069272297
603,0.8452730263337422,2.4004999756648737,1.2578496621107569
604,-0.46539503792087367,0.7516974472019413,-0.5667087961105972
605,-0.5134830398041479,-1.9365631283679234,-0.36993370925353075
606,-0.3750164566533557,-0.247961076968192,-0.4886115400034966
607,1.1254745016599341,2.6300787314215506,0.8025802951655188
608,-1.2862148224564303,-1.7232862069400572,0.025298219559162387
609,0.39559103649162025,0.7901593620893662,0.566304748238493
610,-1.0787038187295046,-1.792679544258848,-0.6500576432904194
611,-2.214920265707144,-1.8985306582086574,-1.0012830074549415
612,-0.39692535306118576,-0.6800877072375139,-0.9892769305060202
613,1.496326171725804,0.32354132241877515,1.9666937919753071
614,0.9976550588400275,1.0167880060463348,0.3776869706346884
615,-0.5723699773142537,-0.8710498543476421,1.243164212714794
616,-1.1639338653809945,-1.5396662041376152,0.566133567216594
617,2.3695232653038842,1.5246361503765906,2.017585355036041
618,0.16788916661392092,0.7929481042663105,-0.7512564156183081
619,0.9395374343193386,0.31417782658959437,0.4745710544571615
620,0.3066670300361227,0.24516129025802172,-1.3624503213302066
621,0.8353788254406685,-0.2050719794751232,-0.004387639901610401
622,-0.9287254366576727,0.0800501754974497,-1.4562416243597434
623,-0.30311772674349396,-0.6436225943918615,0.056195379053187194
624,-0.3671173001159065,-0.5315152748128983,0.6726599426446596
625,0.2420770309927085,-0.24972955911615624,0.19725495027138834
626,0.6487179727367447,1.3685576125358205,-0.5327615358693216
627,1.261872776898134,1.139863297309675,1.3283701429212942
628,-1.2423295668973175,-1.6078922806778648,-0.045015945988255535
629,0.6587431948587775,0.52158405857339,2.1116823498222814
630,-1.7626505029722517,-1.3767501080060434,-0.856236374202014
631,1.6653127402182748,1.1103923482367197,1.4479319250233222
632,1.2427911722934504,0.4273958973281301,0.9752652319670793
633,0.19789922310862332,1.038833597335728,-0.6163026788535259
634,0.01467239926713692,0.21458497733879736,1.1196114400622503
635,-0.23401891994028767,0.09303152555111438,-1.3843211423338053
636,-0.8421824501781635,-0.6272465183247887,0.7179681534527547
637,-0.9620632468005358,-0.7723390209171239,-0.5446507498250684
638,-0.45243847726985376,-0.31634621521247064,-0.2610242396080792
639,0.9989490492295481,1.3654069102413668,0.7533201749467258
640,-0.5300446438097309,-0.12712588664424587,-1.7949213328063833
641,0.9692145777196174,1.7039558424327235,0.8895606273682161
642,0.4453304120286035,-1.0250439599693493,0.7446001980264507
643,-0.5277757609774675,-0.919296828806988,-1.7795897317063942
644,-0.32518906819426874,0.035267969203202146,-0.21630544469662516
645,-3.531649335009387,-3.372442804636443,-0.6045834094228034
646,-1.5692273575601203,-0.7352962997789452,0.339277099208826
647,-0.5183163287699047,0.3330561644867063,0.30347889330744077
648,0.21724667160289607,1.376690624938292,1.0997382293209832
649,-1.8505670830602936,-0.9678950580373181,-1.5735823472590529
650,0.7678028552311503,0.9029304716894588,1.5657742125278356
651,1.4138961994393597,1.765723218717517,0.8091550258971211
652,-1.1431589774407305,-1.087725710831979,-1.0892717007914645
653,0.6030201673509425,0.7122426184858719,0.47912354626243747
654,0.25962426732422533,0.14061960324099232,0.028224055952424776
655,0.36688850491217173,-0.21968083320164566,-0.19441878383951852
656,-0.5305017691792752,-2.44938446277776,0.67406126015443
657,1.968327327941121,1.456682797403092,1.6938006582956668
658,0.16933108267514882,0.5013618406613621,0.7287290685212925
659,-0.5045904661092522,0.710419153062873,-0.0783204798768199
660,-0.581257032562643,0.02918878047640048,-0.13494730224317858
661,2.7124120080398417,3.1225252342319885,4.677838252996915
662,-0.9448332162982558,-2.3555552208725326,-0.1366287251290068
663,0.4288068619919021,0.027108478585043196,0.3462234749372864
664,-0.8804587899552919,-0.1216522432995724,-1.253439526650166
665,1.610217369744583,2.551344275841399,0.7737765464064859
666,-0.11025532767296768,-0.9097648016990318,-1.5417619934261426
667,0.26868955588262733,-0.8691286886033416,-0.3997660199528498
668,1.4708363183768465,2.610635804751538,0.442644835262071
669,-1.181274212319376,-3.7998692788221082,0.6640042972092451
670,-0.4989952501242933,-0.22702733478247897,-0.45501122473093825
671,-0.9340066399259562,-0.5948685220553571,-1.9222278731406095
672,0.18678829241725495,1.3276442913710815,-0.17404288050604858
673,1.04611809281494,2.473489011079154,-0.8708956239669952
674,0.6872076384803097,-0.15889746691234807,1.5312878409963775
675,-1.4061043167528033,-1.6694541582296005,0.44679218357684214
676,1.1578887145418137,0.8861102509399293,0.15919787161091623
677,1.5144630191811392,1.2353566211154994,0.305649209219006
678,0.029147388723589924,0.9789398738948795,0.1877493255534657
679,0.23601715063445244,-0.3261516496229466,-0.5052553598507338
680,-1.7566293732127216,-0.8126207073905226,-1.5531895105652782
681,0.5107650557192392,0.6486939479316406,-0.7627854212652031
682,-0.27282009173577904,-1.533747156618283,0.3031596626988913
683,0.753566234700563,0.5261215489077106,1.0740451610074577
684,-1.066462426913422,-2.1274570465651115,0.5852151205311074
685,-0.7710686219758637,-0.6676878976586884,-0.9855292918760038
686,-0.958576480077972,-0.7774392258920311,-1.2439666634080078
687,-0.24001159097431893,-0.008026173980375043,0.7075963892137791
688,-1.2594168081642267,0.10099791254504227,-0.3138286786790952
689,1.7675133979110726,0.3337290285438032,2.183258040578874
690,0.3761273751523928,-0.10921084702781411,0.7911427310937543
691,-0.2998643108964293,0.32055615780964897,-1.3666186863783294
692,-0.609814147148343,-0.5160571939854927,-1.5021441829565791
693,0.5306116185202387,1.7002103355582514,0.09062723461485586
694,0.05621312792051927,-0.40678146597985204,-1.539357579037761
695,-1.2166782717297642,-0.36636768388011326,-0.5139161390010167
696,-0.4225002170798275,-1.3268392334376462,-0.8835390716517246
697,-0.2132963044235003,0.4518657209008969,-0.01962616272304389
698,-1.5696604353321264,0.44708732417334934,0.05097487628552341
699,1.2657853619289088,0.5672310753252059,0.4450307127455465
700,-0.7239914148250115,0.21733421210078455,-0.48308670941780796
701,-0.4771203930198734,1.1649058015895526,0.17927814693705996
702,-0.04701168869365739,-0.2770075635272303,0.33015560231256075
703,2.3894207123039015,0.08689595914678869,0.0923879921497117
704,-0.2895411743165738,-0.16197650880084993,0.6951993914373902
705,-0.33916964984060866,-0.41103679779951896,0.7502909615317838
706,2.4534894475834466,2.026008060608842,0.4800189032896265
707,0.4865995946032833,-0.6692594427548958,-0.6973380760376574
708,-0.6598720907347841,-0.11852989128884525,-0.4037583395565282
709,1.0345996228729752,1.8728122238844582,-0.2650823319736561
710,0.8742835565109228,-0.7004632268809646,-0.7247492356559954
711,-0.5873701638045105,-0.11588070534771555,-1.122237982272965
712,1.681970474537826,1.906239298996188,1.723279024632645
713,0.301678874945909,-1.1033643465287923,-0.30937733395885364
714,0.642873770635035,0.5954866401444534,1.2966797484774057
715,1.6540260838188436,1.3624628420031584,1.6572024092169222
716,0.8342077783045411,1.741218888649642,-0.36719297559043684
717,0.19006257344055316,-0.41233816205606594,0.961918220878036
718,0.8589336141600965,0.6234136440144485,-0.20776413889067494
719,0.1187470625898904,-0.33372335671919146,0.669001145772626
720,0.6983385753399738,-0.5804348214700275,0.7450969572813645
721,-0.661209599109214,-0.8622921692439541,-0.08883268222833426
722,1.7740211255819598,0.6547618469484348,1.1863077112465412
723,-0.13052002795546855,-1.566720189306008,-0.7207263783674211
724,-0.44575524076437695,-2.014687669656965,-0.7055698538223785
725,-1.138958319899268,-0.04835838690002059,-1.3173303960822942
726,0.35354190705339883,2.6792831953707252,-0.3527748265002478
727,0.48757264046010784,0.29931413854475336,-0.25660044171850294
728,-0.9754756993776733,-0.8971825201486681,-1.2518972219701965
729,-1.3575580865571415,-2.215815907124833,-0.9949856455038045
730,-1.4248791110600185,-0.6908825359626768,-1.2474261986822868
731,1.3028868167746774,1.2666772393403745,0.5627018130629782
732,-0.12396441391861707,-0.830039023370126,-0.7894074614085709
733,-0.2777416034563244,-1.6940572402194156,-0.14993579655965616
734,-0.9077853313925586,-1.56259067018473,0.21624117973690415
735,0.3785392261901555,-1.9687014463397203,0.15945372139173467
736,1.9174122009576358,2.1842598508612094,-0.2655935523461985
737,0.294690556525409,0.4910160490463977,-0.1598703685128072
738,-1.4883208114729325,-1.2185971620875886,-2.0103129178347867
739,0.6503222695918959,-0.2296998187852731,-0.03647669106594723
740,-0.08659884677147084,-0.442917450224034,-0.08399542619494473
741,-0.4814726272685308,-0.6264109076528824,-0.24595939151584037
742,0.6211734065348654,0.45921803291302987,-0.5360682614550629
743,-1.4856006797039796,-1.4141051014413852,0.7752338530878382
744,0.7243148222662302,0.6675388327703107,-0.32455147924957095
745,-1.1471832046729582,-0.9625779035821491,-1.2502618683082374
746,1.3830698609834757,1.2694215194867713,-0.8262687512887269
747,1.1225082148124281,-0.7881138548604183,0.7596032719627349
748,0.46293185790508,-0.04765676528034484,0.8988238538732751
749,0.9034633360840179,0.30080666705253384,1.1228497763146672
750,-0.5482320636790217,-1.0244957386844138,-1.0933033802886918
751,-1.2322737631724578,0.6900266893417347,-0.6713934303675153
752,-0.9186057980844959,0.029989944228282675,-0.6799831315663637
753,-0.3762462041292675,0.5975018782508269,-1.2662893699535558
754,-1.4559536623107785,-0.8437232074200418,-1.7922040463662434
755,0.5738175096949463,1.2608008765090812,-2.147840926377344
756,1.001027289015158,1.5653531493525408,0.7090343762366482
757,-1.0395166811234529,-0.567916338477391,-0.38513716553638205
758,-0.0321924531758986,0.05258058370120644,-0.8531334968422549
759,-0.14164469406981278,-1.0571316341586023,-2.3554374386229684
760,1.6510789619394206,0.6539880374959934,0.8843762024761639
761,0.625762707192368,-0.18582554522506542,0.4874017757349655
762,0.005575306504434298,0.1732761693835871,1.1674489866212794
763,1.8964099530191965,0.6088489615164256,-0.060094839720761364
764,0.5595229442478541,0.756293712442757,0.38554529757129463
765,-0.4750367861867217,0.08932530637312619,0.7223069519930811
766,1.1206346890589904,2.273501399415212,-0.022475601421675435
767,-1.4510357757326562,-0.6440022002973433,-0.9158752287762064
768,-0.3422387026841365,-0.7027815021795145,-0.6661809702607826
769,-2.1489575912153485,-2.2662000907218776,-1.5389014675664272
770,-2.3950573856634985,-1.6882949681534822,1.0334821064549948
771,0.8865502196476431,0.009801608843759375,0.6671416937616139
772,2.433157253065035,2.1626161302476903,1.1369905982207689
773,-0.6796060562304683,-0.25738741228450013,-0.4366581881605287
774,-0.6952202357127361,0.31313621589626517,0.22149886638124236
775,0.8536076722969183,0.10064302913969839,0.43825533994231514
776,-0.3899816115626073,-1.3128282406533052,-0.1533509097118543
777,1.7694701502225192,3.2101623138341426,0.19751463680708833
778,-0.7980039392385061,-1.1939155699518063,0.3281043977823096
779,-0.34246946128547867,0.4116104338168883,0.33271051963706905
780,-0.1474967005879242,1.7485920858718373,-0.3301781894194272
781,-1.0832309966742366,-0.7826407531581828,-0.9392625589274162
782,0.1506764724595198,-0.8102099881337017,-0.5778150530621824
783,0.9182151968743755,0.8226479985148513,0.5448772649836066
784,1.2457031061566952,-0.049492848588656484,2.239359412509262
785,0.4726934740114982,1.1129458432353827,1.7116144099238535
786,0.5366078709708698,2.1297224595928643,1.2156475701107183
787,0.7028873145961569,1.741301873521505,1.2016981735374428
788,0.35278157958614503,0.8229046148716669,0.038351449532042385
789,-1.0718963969539699,-1.2202238204218203,0.27533862217594973
790,-2.1225352896054726,-1.7817888869280385,-0.7832129220701052
791,0.24325264357183718,-0.7430754230294052,1.4182934324225354
792,-1.778601841632987,-2.370246328310842,-0.30942812402239805
793,-0.651487156496877,-0.5943125955106615,0.47588965552604207
794,0.78068117098236,-0.06945284328690338,1.0001367068617062
795,0.6513584817829335,-0.029124639309032595,1.1756519632953228
796,-0.7661890015045248,-1.3107096620855612,-1.2105137895691964
797,0.8607444513356286,2.235969921026562,-0.027538648676298995
798,0.9606986802630904,2.007309339596548,-0.21776535401642969
799,0.6547937660321194,0.03937641420942402,-0.1207850845247054
800,-0.37607938883782643,-2.1448842555600804,0.29384120538816877
801,0.25984749098886134,-0.03889564319065123,1.153338204285594
802,-1.3896337773196736,-1.9330881914644076,-1.067355824499646
803,0.826922713103817,1.6970842417631218,-0.4174186418960177
804,-0.4351538444329201,-1.0355247509521104,-1.5101812653734006
805,-0.4203116889574867,0.7150813499200628,0.4081522297516458
806,1.1750130680940218,0.7263739219624304,-0.6318204075839594
807,0.7840877182909196,-0.21700012346486353,-0.22069932439532064
808,-0.9663005671828331,-1.1245623288442763,-0.6729162250092795
809,-0.05128557151336664,-1.4433774930407404,-0.38708597501342834
810,-0.271727965853336,1.4638273275681342,0.18929632277507946
811,0.560174673666928,-1.2196037334669003,0.8015898157377738
812,0.7693503689491168,0.5382989091041419,1.3315839306215895
813,-1.484786947640161,-0.39444412093289105,-0.9026180869163127
814,-0.9097438719074376,-1.1369315054894928,0.6823238004407874
815,-0.7687249274874947,-2.3390769470226656,-0.7156361754800475
816,-0.5543539564981034,-0.6970720396681351,0.16371603350572383
817,0.6939174882060838,0.8496650257898447,0.5259897799821159
818,0.5733799820323957,1.4409322508217663,0.48981848674389733
819,-0.9581202263877152,1.2809845412995673,-1.3165707651574479
820,-0.07951261532849373,-0.5753730314412085,0.6861008994018027
821,-1.4431767054362417,-3.1409461560174043,0.4445196976275459
822,-0.718602260774274,-0.793895011599802,-0.4152464499819852
823,-0.4955755078727998,-1.1492141231296094,-0.738816799907376
824,-0.760465181583464,-1.7701920092574959,0.17809713852004774
825,1.2418852892272976,-0.18267498783127928,2.3783674964953248
826,-0.26263355887064543,0.02028537871225668,0.11557447349636467
827,0.40079636302593036,2.3550215200001863,-0.3091113659393972
828,-1.4992638241469716,-0.039067560546955885,-1.5861658040683397
829,-0.8831567694709742,0.6025528661205668,-0.9267189856822761
830,-0.7648705654932801,0.9058231226945901,-2.4307887945175937
831,2.374244846720661,2.009157457125467,0.8264880718695163
832,0.21970956205349002,0.659497026545618,-0.09692102743975957
833,2.11110362205611,0.6358698285028241,1.2459924935950222
834,1.6179180753117761,1.1378089123802937,2.363104119466587
835,-0.8719163705023888,-2.2476015957922715,0.008527716703625825
836,0.21576773783053327,-0.03595863800171003,-1.004166650560768
837,-0.9075151231877758,-0.6884039304143383,0.3305196864220977
838,0.7758288531802425,-0.21496338576150834,0.6101362091148469
839,-1.2540558259612877,-0.6520170499933553,-0.7797582762047602
840,-0.4103625551189053,-0.3779099860220059,-1.6510126687793123
841,-1.6017665978533706,-1.1055404247252127,-1.135103649626515
842,-2.0457078969931435,0.16539924082913768,0.2548874270506726
843,0.5192544345810902,1.3396721775964564,0.25843784732884706
844,-0.388368134724159,-0.5093140928625636,0.9867240836501041
845,0.9832597754703329,-0.0897925841290281,-0.010510111179156479
846,-0.7629243195703306,-1.9108306904286831,0.3302753494919019
847,-0.239104573745575,0.019549843539120135,-0.13009212868631953
848,-0.48261492564659064,-1.1085297877131544,-0.5940096427063793
849,2.3790379737703433,0.9031356984662046,1.0641965011745993
850,0.3146720783807741,0.058905302333421,-0.30265681796821303
851,-1.035429174306377,-0.5534334691983109,-0.3295396891947538
852,-0.3970903202627093,-0.5238568235343656,-0.09517738234845508
853,0.04560224743649261,-1.1795779978945746,0.25189396262244
854,-0.5197424522878604,-0.08522334538610575,-0.8396662029057183
855,-1.1637619882391235,-1.3773115260120108,0.22114925819879247
856,1.7518749105185276,0.07539960077182617,-0.37966050524707756
857,-1.0325878718245647,0.714810324185482,-1.6683196160359692
858,0.12523819181142543,-0.0651168768385089,-0.26562196231548946
859,-0.014349056950857432,0.14984900634528941,-0.13532658606453846
860,-0.6691164149757809,0.4409320848270378,-1.27086392711133
861,-0.3751493821656697,0.5711633780831417,-0.6603629080987278
862,0.07405751477064088,-0.796061622323058,1.1738952735895172
863,1.6657610725801182,0.45736058883856723,2.0654157582574206
864,-0.13268004387582846,0.005975669762682034,0.7244543531474325
865,-2.2078189067760046,0.5697939896681447,-1.6910891056944628
866,-0.40313366672769246,-0.15270455363144525,0.8021107297366264
867,-1.3660958101303005,-0.5088935057835782,-0.868201645326633
868,-0.4351450070743337,-2.2347414173515348,-0.7748640125727403
869,0.19393640949669005,-1.0491932773348276,-0.6174888989580684
870,0.5145783814548628,0.6852766773257831,0.17509229425394907
871,-0.5211101374781952,0.37072656937119497,-0.4824404046699595
872,-0.5967148155182436,0.9379755637906467,-0.0057089209866966325
873,0.6991628446824342,1.1025420069146774,0.9167283894766709
874,1.1870177325075533,1.2614184464900613,-0.18654304910285147
875,-1.1562754991181534,-1.3165310071620855,-0.9843244163103593
876,0.5805832943909809,1.0097021977953413,1.6081598743154393
877,-2.117740233812013,-3.172180336470331,-0.24800275745361375
878,0.7257426232463178,1.5261525316009628,0.126862592789446
879,0.39761032930529217,-0.3393073361416661,1.0001972473047107
880,-0.6391723253521151,0.7553935996452878,-0.9661710144137668
881,1.8372399428256014,0.5411341797942998,0.5169865723916809
882,0.3099421389614025,0.47259508205282097,0.5271536952723953
883,1.1835987935941052,-1.6214702969712538,1.6386618140912164
884,-0.11848270281334726,0.17683011831985093,-0.4256658277389636
885,0.4415955191873003,1.4129512835710858,0.010808239312368824
886,-0.09901432459858299,-0.8913420980040275,0.13201606309718655
887,0.3101387834273717,0.8313332665638204,0.5540081609930813
888,-0.021780363788252197,0.9522152087681164,0.25964472875551825
889,0.1882495265889696,1.7079211656634508,-0.32982434064478655
890,-1.9772119226997877,-0.41776947703207046,0.33962003494235865
891,0.9111463137352275,1.5207164179195336,1.879440934399747
892,1.4477171017105723,1.6960698497721545,0.3859437884644625
893,0.10976790951478739,-0.1637787041702292,-0.3027620858745686
894,2.361517562016266,2.6459366267603697,2.2460177655961213
895,0.9982233390828541,0.626256454496558,0.4539637149243015
896,-0.5451370075797701,0.14429988764248142,0.4558295734711874
897,-0.4271335448347943,-0.12174754590521457,-0.711960518401993
898,0.07533950498988909,0.7030294678207237,-0.8534998142243948
899,0.44802022822165044,-0.4194816323441948,0.09247892293174503
900,0.6937597904867437,0.8370938270480429,1.4303969133869727
901,-0.7002251735625846,-0.5662247912564791,0.21237548268898998
902,0.014017995168173756,1.519649827579461,0.11217847491748642
903,0.35242809728735075,0.4100797271207979,1.0541900070506751
904,-0.8327456810365819,-1.0097692488129566,-0.35946257882918414
905,-0.21085258518679584,-1.8689241732207211,1.1196748742758702
906,0.14855527502023066,1.896421106382748,-0.8023892332441283
907,-0.27344394835889846,-0.003572217211917051,-0.6329922993759987
908,0.6269609997226134,0.006174835157828563,0.9631819716812795
909,-0.32376239439781934,-0.03758939573104858,-0.852047365842279
910,-0.9241042679071968,-1.9857695129210917,-0.8399848863074467
911,-0.45882337005544277,-1.6584648469165393,0.19516362696653247
912,0.035620848942190766,-0.8961557507094939,0.08892862150382728
913,1.3826736634065844,3.178349993656322,0.12438480814503071
914,-2.835917303062643,-2.5985658457382406,-1.1725036767253472
915,0.14361430702566777,0.12582925279462642,0.30808772349670543
916,-1.1707318627734855,-0.6045794656322766,0.1465806589789737
917,-0.6861607269393819,-0.9974862606594889,0.05577805674326806
918,-0.9697126988745766,-1.6451757216190106,-0.05402543359136381
919,0.949469278013635,2.934853748483301,-0.7038433960015112
920,-1.6706633701957985,0.22343430389403635,-2.657413829761654
921,0.27301086116427886,0.513894719468284,-0.7775198697510726
922,-0.11696080898358126,-0.9935657478911406,-0.6783355623410532
923,-0.22043477279893076,0.6887916775173304,-0.5671632628929139
924,-0.06092631173180462,-0.7772752795394816,-0.5151046049027705
925,-0.7349984996132206,-0.6435255224131494,-0.34414178398164036
926,-0.5894236066943029,-0.5646472972055979,0.2614991299947369
927,0.29010728796896806,-0.4458308343087547,-1.0019891710133237
928,-0.18484664097640469,-0.7961336704732977,1.6918589574856757
929,0.14294887027010797,-0.9177123831184267,0.8006119898139337
930,1.1479168528642556,1.3786488368492318,1.6293477891749781
931,-0.8093941136293741,-1.2888704311435697,-1.1581667003309335
932,0.4104485961177487,-0.02428136040230738,-0.30475051750433446
933,0.6923066800311364,0.5882491110697173,1.3217528716929041
934,0.5056209604604157,-0.6536040235400628,0.11127008729342946
935,-1.5020243794787715,-2.65017095568254,-1.6793682798162684
936,-0.8219948704912976,-1.1564128948201777,-0.24454474279516775
937,1.181640219239412,0.06807249638225979,-0.7545560960256411
938,0.5989369449587522,0.07534519109430735,0.529776556363122
939,-0.3602969408435753,-2.5048164345222235,-0.21933152505035752
940,0.4931027175380141,-0.5699359197677459,1.2462696476000097
941,0.9714895006267462,1.3395208761318653,0.30715420296425394
942,-2.3156102708968156,-1.9751871338000278,-2.189135613802652
943,-0.7961007714309942,-1.299550674589113,0.8158491207092029
944,-0.8080964141525274,0.07863925398928855,-0.42288805738876417
945,1.0868600069252399,0.4432955121521671,-0.863933573734965
946,-0.848989893970254,0.6864067544315889,-1.292816317019163
947,-0.2694423008427221,-1.401113272354189,0.07489642769569493
948,-1.1654426894732421,1.5338809231103396,-1.3704310332554692
949,-0.1765686401808862,0.17695982218054784,-1.3978866072116363
950,0.3203952219679439,1.3478504253596533,0.7415571752548479
951,0.5127051054449991,2.039736035066281,1.6646974432986548
952,-0.7847639741665624,1.0316194516764565,-1.0149099829823756
953,0.7408802030759979,0.6711022029211335,1.0864589515642893
954,-0.2724326120437927,0.670884243607642,-0.16764872598894112
955,1.8452273073147598,1.1955061786290337,1.7311418490934602
956,0.30499034198868724,0.4945220289456125,0.20526972251089753
957,1.8619046402985053,3.0081240134422624,0.96844034097617
958,-0.7650248950944046,-0.49673224080282385,-0.5363441507783647
959,-1.098375284081561,-1.5465185756727178,-1.7971017597575334
960,-0.7657558426971625,-2.4122449371033534,0.9672225086424004
961,-0.34826692061416986,-1.3320365719800915,-0.5908732391791943
962,0.8989251756867717,0.8767621299409984,0.7738200983972638
963,1.5271725333918587,0.14765689317855926,2.0168937431744993
964,-1.120844854613823,-0.8369992952159133,-1.1589557455599493
965,0.9901227244722878,-0.1689773680706168,2.9322395276836053
966,-0.3637173046460307,-0.8280712857922974,0.18913869583247045
967,-0.7952294449734785,-1.8701894116804716,0.13219058959920582
968,1.8898249037806822,3.6943701120721406,0.5148434544617142
969,-0.2923442440016085,-1.1930063464569352,0.4985689603126681
970,1.1652394868505445,1.1349056276035938,0.8087895150220035
971,-0.7490933769727323,0.5741629610522605,-0.9311642849691133
972,0.5513144032244348,0.29489942377073886,0.3305402140324388
973,-0.7120831410786377,1.2027072775970074,-0.5696938747676713
974,-1.5035061909812362,-1.063177888516118,-0.20807576221923083
975,0.002361319088384787,1.4251212008812864,0.7890580960174991
976,-0.3684545766046781,-0.013205903892778864,1.8768589806987592
977,0.42196090807600445,0.6698024472280112,0.6312278279993399
978,-1.1589926603401943,-2.9598053935480126,-0.9840480680018551
979,2.3289666024529017,2.7211691702528813,1.2942384544798868
980,-0.057469218676366014,0.2179908445253859,-0.036235685815773806
981,0.08283027380112899,0.5815043224248047,0.8341560239210578
982,-0.014753971904202162,0.2866427872965288,0.6132579089013346
983,0.18875453484552907,-0.5452364158559243,-0.09829974680416916
984,1.6373051943224513,-0.047611274273160246,-0.15686799215914762
985,-0.26482064396565574,0.6640090549922355,-0.3862692120898996
986,-0.2041368627432729,1.0791346501846855,0.3553470802082033
987,-0.9899830195830387,-1.2902954921880854,0.4644658114448326
988,-1.420132392348243,-1.0779532135408032,-2.5081060347779576
989,0.3145001835562639,-0.6184611559941289,0.25172036501624895
990,0.6769289117125528,0.8691956323609519,1.278236186755954
991,-0.08888710541773222,-0.003941995668227553,-1.1832993515011008
992,0.15627364903571575,1.2051651452485759,-0.815129316686114
993,-0.807358955384816,0.9560280859809133,-0.9790140065222649
994,1.159006574432927,0.5799283948884031,1.0646190966839497
995,-0.9849168776050728,0.2853052424006676,-0.2488339240177498
996,-3.3406619254876917,-3.5561951465786863,0.2593021617663428
997,-0.25281347707549573,-1.389978096807608,0.6765862381748728
998,-1.2307981186309263,-1.7260307775680148,0.1254104236730682
999,-0.7892593418618752,-0.8524077783330193,1.1760357342627228
